<?xml version="1.0" encoding="UTF-8"?>
<GenRun Id="impl_1" LaunchPart="xc7a100tfgg484-1" LaunchTime="1635922589">
  <File Type="BITSTR-BMM" Name="decoder_38_bd.bmm"/>
  <File Type="OPT-METHODOLOGY-DRC" Name="decoder_38_methodology_drc_opted.rpt"/>
  <File Type="INIT-TIMING" Name="decoder_38_timing_summary_init.rpt"/>
  <File Type="ROUTE-PWR" Name="decoder_38_power_routed.rpt"/>
  <File Type="PA-TCL" Name="decoder_38.tcl"/>
  <File Type="OPT-TIMING" Name="decoder_38_timing_summary_opted.rpt"/>
  <File Type="OPT-DCP" Name="decoder_38_opt.dcp"/>
  <File Type="ROUTE-PWR-SUM" Name="decoder_38_power_summary_routed.pb"/>
  <File Type="REPORTS-TCL" Name="decoder_38_reports.tcl"/>
  <File Type="OPT-DRC" Name="decoder_38_drc_opted.rpt"/>
  <File Type="OPT-HWDEF" Name="decoder_38.hwdef"/>
  <File Type="PWROPT-DCP" Name="decoder_38_pwropt.dcp"/>
  <File Type="PWROPT-DRC" Name="decoder_38_drc_pwropted.rpt"/>
  <File Type="PWROPT-TIMING" Name="decoder_38_timing_summary_pwropted.rpt"/>
  <File Type="PLACE-DCP" Name="decoder_38_placed.dcp"/>
  <File Type="PLACE-IO" Name="decoder_38_io_placed.rpt"/>
  <File Type="PLACE-CLK" Name="decoder_38_clock_utilization_placed.rpt"/>
  <File Type="PLACE-UTIL" Name="decoder_38_utilization_placed.rpt"/>
  <File Type="PLACE-UTIL-PB" Name="decoder_38_utilization_placed.pb"/>
  <File Type="PLACE-CTRL" Name="decoder_38_control_sets_placed.rpt"/>
  <File Type="PLACE-SIMILARITY" Name="decoder_38_incremental_reuse_placed.rpt"/>
  <File Type="PLACE-PRE-SIMILARITY" Name="decoder_38_incremental_reuse_pre_placed.rpt"/>
  <File Type="BG-BGN" Name="decoder_38.bgn"/>
  <File Type="PLACE-TIMING" Name="decoder_38_timing_summary_placed.rpt"/>
  <File Type="POSTPLACE-PWROPT-DCP" Name="decoder_38_postplace_pwropt.dcp"/>
  <File Type="BG-BIN" Name="decoder_38.bin"/>
  <File Type="POSTPLACE-PWROPT-TIMING" Name="decoder_38_timing_summary_postplace_pwropted.rpt"/>
  <File Type="PHYSOPT-DCP" Name="decoder_38_physopt.dcp"/>
  <File Type="PHYSOPT-DRC" Name="decoder_38_drc_physopted.rpt"/>
  <File Type="BITSTR-MSK" Name="decoder_38.msk"/>
  <File Type="PHYSOPT-TIMING" Name="decoder_38_timing_summary_physopted.rpt"/>
  <File Type="ROUTE-ERROR-DCP" Name="decoder_38_routed_error.dcp"/>
  <File Type="ROUTE-DCP" Name="decoder_38_routed.dcp"/>
  <File Type="ROUTE-BLACKBOX-DCP" Name="decoder_38_routed_bb.dcp"/>
  <File Type="ROUTE-DRC" Name="decoder_38_drc_routed.rpt"/>
  <File Type="ROUTE-DRC-PB" Name="decoder_38_drc_routed.pb"/>
  <File Type="BITSTR-LTX" Name="debug_nets.ltx"/>
  <File Type="BITSTR-LTX" Name="decoder_38.ltx"/>
  <File Type="ROUTE-DRC-RPX" Name="decoder_38_drc_routed.rpx"/>
  <File Type="BITSTR-MMI" Name="decoder_38.mmi"/>
  <File Type="ROUTE-METHODOLOGY-DRC" Name="decoder_38_methodology_drc_routed.rpt"/>
  <File Type="ROUTE-METHODOLOGY-DRC-RPX" Name="decoder_38_methodology_drc_routed.rpx"/>
  <File Type="BITSTR-SYSDEF" Name="decoder_38.sysdef"/>
  <File Type="ROUTE-METHODOLOGY-DRC-PB" Name="decoder_38_methodology_drc_routed.pb"/>
  <File Type="ROUTE-PWR-RPX" Name="decoder_38_power_routed.rpx"/>
  <File Type="ROUTE-STATUS" Name="decoder_38_route_status.rpt"/>
  <File Type="ROUTE-STATUS-PB" Name="decoder_38_route_status.pb"/>
  <File Type="ROUTE-TIMINGSUMMARY" Name="decoder_38_timing_summary_routed.rpt"/>
  <File Type="ROUTE-TIMING-PB" Name="decoder_38_timing_summary_routed.pb"/>
  <File Type="ROUTE-TIMING-RPX" Name="decoder_38_timing_summary_routed.rpx"/>
  <File Type="ROUTE-SIMILARITY" Name="decoder_38_incremental_reuse_routed.rpt"/>
  <File Type="ROUTE-CLK" Name="decoder_38_clock_utilization_routed.rpt"/>
  <File Type="ROUTE-BUS-SKEW" Name="decoder_38_bus_skew_routed.rpt"/>
  <File Type="ROUTE-BUS-SKEW-PB" Name="decoder_38_bus_skew_routed.pb"/>
  <File Type="ROUTE-BUS-SKEW-RPX" Name="decoder_38_bus_skew_routed.rpx"/>
  <File Type="POSTROUTE-PHYSOPT-DCP" Name="decoder_38_postroute_physopt.dcp"/>
  <File Type="POSTROUTE-PHYSOPT-BLACKBOX-DCP" Name="decoder_38_postroute_physopt_bb.dcp"/>
  <File Type="POSTROUTE-PHYSOPT-TIMING" Name="decoder_38_timing_summary_postroute_physopted.rpt"/>
  <File Type="POSTROUTE-PHYSOPT-TIMING-PB" Name="decoder_38_timing_summary_postroute_physopted.pb"/>
  <File Type="POSTROUTE-PHYSOPT-TIMING-RPX" Name="decoder_38_timing_summary_postroute_physopted.rpx"/>
  <File Type="POSTROUTE-PHYSOPT-BUS-SKEW" Name="decoder_38_bus_skew_postroute_physopted.rpt"/>
  <File Type="POSTROUTE-PHYSOPT-BUS-SKEW-PB" Name="decoder_38_bus_skew_postroute_physopted.pb"/>
  <File Type="BG-BIT" Name="decoder_38.bit"/>
  <File Type="POSTROUTE-PHYSOPT-BUS-SKEW-RPX" Name="decoder_38_bus_skew_postroute_physopted.rpx"/>
  <File Type="BITSTR-RBT" Name="decoder_38.rbt"/>
  <File Type="BITSTR-NKY" Name="decoder_38.nky"/>
  <File Type="BG-DRC" Name="decoder_38.drc"/>
  <File Type="RDI-RDI" Name="decoder_38.vdi"/>
  <File Type="WBT-USG" Name="usage_statistics_webtalk.html"/>
  <FileSet Name="sources" Type="DesignSrcs" RelSrcDir="$PSRCDIR/sources_1">
    <Filter Type="Srcs"/>
    <File Path="$PSRCDIR/sources_1/imports/decoder_38/decoder_38.v">
      <FileInfo>
        <Attr Name="ImportPath" Val="$PPRDIR/../decoder_38/decoder_38.v"/>
        <Attr Name="ImportTime" Val="1634802181"/>
        <Attr Name="UsedIn" Val="synthesis"/>
        <Attr Name="UsedIn" Val="implementation"/>
        <Attr Name="UsedIn" Val="simulation"/>
      </FileInfo>
    </File>
    <Config>
      <Option Name="DesignMode" Val="RTL"/>
      <Option Name="TopModule" Val="decoder_38"/>
      <Option Name="TopAutoSet" Val="TRUE"/>
    </Config>
  </FileSet>
  <FileSet Name="constrs_in" Type="Constrs" RelSrcDir="$PSRCDIR/constrs_1">
    <Filter Type="Constrs"/>
    <File Path="$PSRCDIR/constrs_1/new/lab.xdc">
      <FileInfo>
        <Attr Name="UsedIn" Val="synthesis"/>
        <Attr Name="UsedIn" Val="implementation"/>
      </FileInfo>
    </File>
    <Config>
      <Option Name="TargetConstrsFile" Val="$PSRCDIR/constrs_1/new/lab.xdc"/>
      <Option Name="ConstrsType" Val="XDC"/>
    </Config>
  </FileSet>
  <FileSet Name="utils" Type="Utils" RelSrcDir="$PSRCDIR/utils_1">
    <Filter Type="Utils"/>
    <Config>
      <Option Name="TopAutoSet" Val="TRUE"/>
    </Config>
  </FileSet>
  <Strategy Version="1" Minor="2">
    <StratHandle Name="Vivado Implementation Defaults" Flow="Vivado Implementation 2018">
      <Desc>Default settings for Implementation.</Desc>
    </StratHandle>
    <Step Id="init_design"/>
    <Step Id="opt_design"/>
    <Step Id="power_opt_design"/>
    <Step Id="place_design"/>
    <Step Id="post_place_power_opt_design"/>
    <Step Id="phys_opt_design"/>
    <Step Id="route_design"/>
    <Step Id="post_route_phys_opt_design"/>
    <Step Id="write_bitstream"/>
  </Strategy>
</GenRun>
