<?xml version="1.0" encoding="UTF-8"?>
<GenRun Id="synth_1" LaunchPart="xc7a100tfgg484-1" LaunchTime="1636528617">
  <File Type="PA-TCL" Name="holiday_lights.tcl"/>
  <File Type="RDS-PROPCONSTRS" Name="holiday_lights_drc_synth.rpt"/>
  <File Type="REPORTS-TCL" Name="holiday_lights_reports.tcl"/>
  <File Type="RDS-RDS" Name="holiday_lights.vds"/>
  <File Type="RDS-UTIL" Name="holiday_lights_utilization_synth.rpt"/>
  <File Type="RDS-UTIL-PB" Name="holiday_lights_utilization_synth.pb"/>
  <File Type="RDS-DCP" Name="holiday_lights.dcp"/>
  <File Type="VDS-TIMINGSUMMARY" Name="holiday_lights_timing_summary_synth.rpt"/>
  <File Type="VDS-TIMING-PB" Name="holiday_lights_timing_summary_synth.pb"/>
  <FileSet Name="sources" Type="DesignSrcs" RelSrcDir="$PSRCDIR/sources_1">
    <Filter Type="Srcs"/>
    <File Path="$PSRCDIR/sources_1/imports/holiday_lights/holiday_lights.v">
      <FileInfo>
        <Attr Name="ImportPath" Val="$PPRDIR/../holiday_lights/holiday_lights.v"/>
        <Attr Name="ImportTime" Val="1636094452"/>
        <Attr Name="UsedIn" Val="synthesis"/>
        <Attr Name="UsedIn" Val="implementation"/>
        <Attr Name="UsedIn" Val="simulation"/>
      </FileInfo>
    </File>
    <Config>
      <Option Name="DesignMode" Val="RTL"/>
      <Option Name="TopModule" Val="holiday_lights"/>
    </Config>
  </FileSet>
  <FileSet Name="constrs_in" Type="Constrs" RelSrcDir="$PSRCDIR/constrs_1">
    <Filter Type="Constrs"/>
    <File Path="$PSRCDIR/constrs_1/new/lab.xdc">
      <FileInfo>
        <Attr Name="UsedIn" Val="synthesis"/>
        <Attr Name="UsedIn" Val="implementation"/>
      </FileInfo>
    </File>
    <Config>
      <Option Name="TargetConstrsFile" Val="$PSRCDIR/constrs_1/new/lab.xdc"/>
      <Option Name="ConstrsType" Val="XDC"/>
    </Config>
  </FileSet>
  <FileSet Name="utils" Type="Utils" RelSrcDir="$PSRCDIR/utils_1">
    <Filter Type="Utils"/>
    <Config>
      <Option Name="TopAutoSet" Val="TRUE"/>
    </Config>
  </FileSet>
  <Strategy Version="1" Minor="2">
    <StratHandle Name="Vivado Synthesis Defaults" Flow="Vivado Synthesis 2018"/>
    <Step Id="synth_design"/>
  </Strategy>
</GenRun>
